product_id,name
670200999,CARPINUS betulus / Hornbeam [3/yr pleached]
670231772,MALUS sylvestris / Apple
670231775,PRUNUS padus / Bird Cherry
670231778,SORBUS aucuparia / Rowan or Mountain Ash
670267284,PRUNUS serrulata ‘Kanzan’ / Pink Flowering Cherry Blossom
673646541,TETRADIUM daniellii / Bee-bee Tree
673646542,PINUS pinaster / Maritime Pine
673646544,ACER campestre ‘Elsrijk’ / Dutch Field Maple
673646545,SORBUS torminalis / Wild Service Tree
673646548,ILEX 'Nellie R. Stevens' / Holly
673646550,SORBUS vilmorinii / Vilmorin's rowan
673646554,AMELANCHIER alnifolia 'Obelisk' / Snowy Mespilus
673646555,TOONA sinensis / Chinese Cedar
673646556,SORBUS aucuparia 'Cardinal Royal' / Rowan
673646557,QUERCUS cerris / Turkey Oak
673646558,CORYLUS colurna / Turkish Hazel
673646559,ACER plat. 'Deborah' / Norway Maple
673646561,CARPINUS bet. 'Quercifolia' / Oak-leaved Hornbeam
673646564,ACER rubrum 'Sun Valley' / Canadian Red Maple
673646566,ZELKOVA serrata 'Green Vase' / Japanese Zelkova
673646567,FAGUS syl. 'Rohan Obelisk' / Upright Rohan Beech
673646575,QUERCUS texana / Texan Oak
673646581,PINUS nigra laricio / Corsican pine
673646585,JUGLANS nigra / Black Walnut
673646588,QUERCUS nigra / Water Oak
673646589,BETULA albosinensis septentrionalis / Chinese Red Birch
673646590,FAGUS syl. 'Dawyck Gold' / Golden Upright Beech
673646593,ROBINIA 'Casque Rouge' / False Acacia
673646596,PLATANUS orientalis / Oriental Plane
673646597,QUERCUS phillyreoides / Black Ridge Oak
673646598,FAGUS sylvatica / Beech
673646603,ACER rubrum 'Red Sunset' / Canadian Red Maple
673646604,MALUS domestica 'Rode Jonathan' / Red Apple
673646605,MALUS 'Crimson Brilliant' / Flowering Crab Apple
673646606,PRUNUS serrula 'Tibetica' / Tibetan Cherry [m/s]
673646610,PTEROCARYA fraxinifolia / Caucasian Wingnut
673646613,SORBUS aucuparia 'Autumn Spire' / Upright Mountain Ash
673646620,ACER plat. 'Royal Red' / Norway Maple
673646625,SYRINGA vulgaris 'Madame Lemoine' / Lilac
673646627,JUNIPERUS 'Wichita Blue' / Rocky Mountain Juniper [standard]
673646631,MALUS ‘Prairie Fire’ / Crab Apple
673646637,CORNUS wilsoniana / Wilson's dogwood
673646640,ACER rubrum 'Fairview Flame' / Canadian Red Maple
673646641,QUERCUS imbricaria / Shingle Oak
673646643,PRUNUS 'Sunset Boulevard' / White Flowering Cherry
673646644,QUERCUS glauca / Japanese Blue Oak
673646653,ACER campestre 'Red Shine' / Field Maple
673646655,TILIA x europaea 'Pallida' / Kaiser Linden
673646658,PLATANUS orientalis / Oriental Plane [bush]
673646659,PRUNUS 'Amanogawa' / Upright Flowering Cherry
673646660,LIQUIDAMBAR styraciflua 'Lane Roberts' / Sweet Gum
673646661,CRATAEGUS monogyna / Hawthorn [m/s]
673646667,ACER plat. 'Crimson Sentry' / Norway Maple
673646669,CORNUS kousa 'White Giant' / Dogwood
673646671,BETULA utilis 'Nepalese Orange' / Himalayan Birch
673646674,ACER campestre 'Queen Elizabeth' / Field Maple
673646677,TAXUS baccata 'Fastigiata Robusta' / English Yew
673646681,FAGUS sylvatica / Beech [feathered]
673646685,QUERCUS falcata 'Pagodifolia' / Cherrybark Red Oak
673646692,CRATAEGUS mordenensis 'Toba' / Hawthorn Tree
673646696,BAMBOO pseudosasa 'Japonica' / Bamboo
673646699,PINUS sylvestris / Scots Pine [c/s]
673646702,PYRUS pyrifolia 'Chojuro' / Asian Pear
673646705,CARPINUS bet. ‘Lucas’ / Fastigate Hornbeam [feathered]
673646710,EUCALYPTUS dalrympleana / Mountain Gum
673646713,PRUNUS l. 'Caucasica' / Cherry Laurel
673646714,ACER plat. 'Princeton Gold' / Golden Norway Maple
673647286,CRATEAGUS monogyna ‘Stricta’ / Hawthorn
673647287,ACER plat. ‘Columnare’ / Upright Norway Maple
673647290,POPULUS tremula ‘Erecta’ / Upright Aspen
673647291,ACER rubrum / Canadian Red Maple
673647292,PINUS radiata / Monterey Pine
673647294,SORBUS intermedia / Swedish Whitebeam
673647297,TILIA platyphyllos / Broad-leaved Lime
673647299,TILIA x euchlora / European White Lime
673647300,QUERCUS castaneifolia 'Green Spire' / Upright Chestnut-Leaved Oak
673647301,CARPINUS bet. 'Frans Fontaine' / Upright hornbeam
673647302,MESPILUS germanica / Medlar
673647315,ALNUS glutinosa 'Aurea' / Golden Alder
673647316,JUNIPERUS scopulorum 'Skyrocket' / Rocky Mountain Juniper [standard]
673647320,QUERCUS coccinea / Scarlet Oak
673647329,MAGNOLIA kobus / Northern Japanese Magnolia
673647333,QUERCUS bicolor / Swamp White Oak
673647338,MORUS alba / White Mulberry
673647344,HIBISCUS syriacus 'Hamabo' / Tree Hollyhock
673647348,MAGNOLIA 'Yellow Bird' / Magnolia
673647351,RHUS typhina / Stag's Horn Sumach
673647357,TILIA cordata 'Winter Orange' / Small-leaved Lime
673647358,PLATANUS x hispanica / London Plane
673647368,PRUNUS padus 'Canada Red' / Bird Cherry
673647371,PRUNUS cerasifera 'Pissardii' / Cherry Plum
673647372,PRUNUS cerasifera 'Nigra' / Purple Leaf Plum
673647373,CUPRESSUS sempervirens 'Stricta' / Italian Cypress
673647374,PYRUS calleryana / Callery pear
673647375,ACER 'Pacific Sunset' / Norway Maple
673647376,QUERCUS petraea / Sessile Oak
673647392,BETULA pubescens / Downy Birch [shrub]
673647394,SALIX integra 'Hakuro-nishiki' / Japanese Dappled Willow [Half Standards]
673647395,EUCALYPTUS moorei / Narrow-leaved Sally
673647398,ACER freemanii 'Armstrong' / Scarlet Maple
673647400,PRUNUS avium 'Plena' / Flowering Cherry
673647401,CARPINUS betulus / Hornbeam [5/yr pleached]
673647406,PRUNUS l. 'Novita' / Cherry  Laurel [standard]
673647410,NOTHOFAGUS procera [syn. Nervosa] / Beech
673647423,MALUS domestica 'Beauty of Bath' / Apple
673647426,PARROTIA persica 'Persian Spire' / Persian Ironwood
673647429,ULMUS glabra 'Camperdownii' / Camperdown Elm
673647436,ULMUS 'Sapporo Autumn Gold' / Elm
673647437,PRUNUS x subhirtella 'Autumnalis' / Winter Flowering Cherry
673647442,PARROTIA persica / Persian Ironwood Tree
673647447,TILIA platyphyllos 'Rubra' / Red-twigged Lime
673647450,THUJA  plicata 'Gelderland' / Western Red Cedar
673684260,ZELKOVA serrata / Japanese Zelkova
673684262,QUERCUS pyrenaica / Pyrenean Oak
673684264,PYRUS salicifolia ‘Pendula’ / Weeping Silver Pear
673684266,OSTRYA carpinifolia / Hop Hornbeam
673684275,MAGNOLIA stellata / Star Magnolia [m/s]
673684277,PRUNUS avium / Wild Cherry
673684283,ULMUS 'Lutece' / Naguen Elm
673684285,PRUNUS 'Umineko' / Upright Flowering Cherry
673684286,QUERCUS myrsinifolia / Chinese Evergreen Oak
673684290,QUERCUS pubescens / Downy Oak
673684292,AMELANCHIER 'Robin Hill' / Juneberry
673684294,PINUS contorta / Lodgepole Pine
673684297,LIQUIDAMBAR styraciflua 'Slender Silhouette' / Upright Sweet Gum
673684298,QUERCUS robur 'Fastigiata Koster' / Koster Upright Oak
673684303,TILIA americana 'American Sentry' / Sentry Linden
673684304,MORUS nigra / Black Mulberry
673684308,TILIA henryana / Henry's Lime
673684320,PAULOWNIA tomentosa / Foxglove Tree
673684321,SALIX babylonica 'Tortuosa' / Dragon's Claw Willow
673684327,PRUNUS x subhirtella 'Autumnalis Rosea' / Winter Flowering Cherry
673684328,QUERCUS x hispanica 'Wageningen' / Spanish Oak
673684336,MAGNOLIA 'Star Wars' / Magnolia
673684343,MAGNOLIA 'Susan' / Magnolia
673684346,CORNUS controversa / Wedding Cake Tree
673684351,PRUNUS cer. 'Crimson Pointe' / Upright Cherry Plum
673684355,ACER saccharinum 'Born's Gracious' / Silver Maple
673684357,FAGUS syl. 'Dawyck Green' / Upright Green Beech
673684360,QUERCUS palustris 'Green Pillar' / Upright Pin Oak
673684367,ALNUS glutinosa 'Laciniata' / Cut-leaved Common Alder
673684368,CELTIS occidentalis / Hackberry
673684370,CELTIS sinensis / Chinese Hackberry
673684371,TILIA cordata 'Green Globe' / Small-leaved Lime
673684374,MALUS domestica 'Howgate Wonder' / Apple
673684376,TILIA x mongolica 'Harvest Gold' / Mongolian Lime
673684377,RHUS typhina laciniata / Cutleaf Staghorn Sumach
673684381,QUERCUS frainetto / Hungarian Oak
673684384,CORYLUS avellana / Hazel [m/s]
673684391,TILIA x europaea 'Pallida' / Kaiser Linden [5/yr pleached]
673684393,SOPHORA japonica / Japanese Pagoda
673684411,STEWARTIA pseudocamellia / Japanese Stewartia
673684412,EUCALYPTUS perriniana / Spinning Gum
673684421,PRUNUS serr. 'Fugenzo' / Flowering Cherry
673684423,ACER plat. / Norway Maple
678928629,ULMUS minor ‘Jacqueline Hillier’ / Elm
678928654,PINUS mugo subsp. uncinata / Mountain Pine
683460548,FAGUS syl. 'Atropunicea' / Copper Beech
708081965,POPULUS tremula / Aspen
708509504,HAMAMELIS × intermedia 'Diane' / Witch Hazel
713101284,HEPTACODIUM miconioides / Seven Son Flower of Zhejiang [m/s]
713420102,SORBUS pseudovilmorinii / Rowan
713469821,CORNUS kousa 'John Slocock' / Flowering Dogwood
713475023,SALIX cinerea / Grey Willow
714416001,AILANTHUS altissima / Tree of Heaven
714791427,CARPINUS bet. 'Frans Fontaine' / Upright Hornbeam [Feathered]
714966579,ACER plat. 'Lorbergii' / Norway Maple
724151918,MALUS domestica 'Braeburn' / Apple
724151931,MALUS domestica 'Cox's Orange Pippin' / Apple
724160515,MALUS domestica 'Greensleeves' / Apple
724454366,CORNUS kousa 'Satomi' / Flowering Dogwood
724454388,EUCALYPTUS gunnii 'France Bleu' / Cider Gum
724463700,FRAXINUS angustifolia ‘Raywood’/ Claret Ash
724466911,MAGNOLIA ‘Galaxy’ / Magnolia
724469570,LIRIODENDRON tulipifera 'Fastigiatum'/ Columnar Tulip Tree
724478551,PRUNUS ser. 'Royal Burgundy' / Flowering Cherry
724481605,QUERCUS buckleyi / Texas Red Oak
724481634,TILIA cordata 'Greenspire ' / Small-Leaved Lime
724894910,MALUS domestica 'Ellison's Orange' / Apple
734108336,ELAEAGNUS × ebbingei / Elaeagnus [pleached]
736374135,SCIADOPITYS verticillata / Umbrella Pine
740035959,QUERCUS velutina / Black Oak
740770270,PRUNUS 'Okame' / Flowering Cherry
750868729,POPULUS alba / White Poplar
750906638,CORNUS mas / Cornelian Cherry [m/s]
761067837,CORDYLINE australis / Cordyline
763620881,PINUS ponderosa / Western Yellow Pine
765731622,PRUNUS Hybrid 'Shogetsu' / Blushing Bride Cherry
765731674,PRUNUS serrulata 'Shimidsu' (Miyako) / Flowering Cherry
765985212,PARROTIA persica / Persian Ironwood Tree [Shrub]
792826293,PRUNUS armeniaca 'Hongaarse' / Hungarian Apricot
792828551,PRUNUS armeniaca 'Bredase' / Apricot
792940752,BETULA nigra / River Birch [m/s]
794247672,PLATANUS x Hispanica ‘Pyramidalis’ / London Plane
794255268,FRAXINUS ornus 'Louisa Lady' / Manna Ash
798800866,ACER carpinifolium / Hornbeam Maple
798809553,CHAMAECYPARIS l. ‘Columnaris’ / Columnar Lawson's Cypress
798815092,ACER plat. 'Emerald Queen' / Norway Maple
798842372,PRUNUS l. ‘Etna’ / Cherry Laurel
799653594,Sorbus aucuparia 'Fastigiata' / Upright Rowan
828442235,CARPINUS betulus / Hornbeam [m/s]
836930532,ULMUS hollandica ‘Wredei’ / Golden Elm
